day_of_season,dow,dow_name,predicted_leads,historical_avg,historical_std,approx_date,week_label,cal_week
0,0,Mon,88.6,22.2,12.5,2025-02-15,Week of Feb 15,7
0,1,Tue,92.7,22.2,12.5,2025-02-15,Week of Feb 15,7
0,2,Wed,87.5,22.2,12.5,2025-02-15,Week of Feb 15,7
0,3,Thu,44.7,22.2,12.5,2025-02-15,Week of Feb 15,7
0,4,Fri,29.8,22.2,12.5,2025-02-15,Week of Feb 15,7
0,5,Sat,12.8,22.2,12.5,2025-02-15,Week of Feb 15,7
0,6,Sun,9.4,22.2,12.5,2025-02-15,Week of Feb 15,7
1,0,Mon,113.0,15.8,9.0,2025-02-16,Week of Feb 16,7
1,1,Tue,111.6,15.8,9.0,2025-02-16,Week of Feb 16,7
1,2,Wed,104.9,15.8,9.0,2025-02-16,Week of Feb 16,7
1,3,Thu,58.6,15.8,9.0,2025-02-16,Week of Feb 16,7
1,4,Fri,42.9,15.8,9.0,2025-02-16,Week of Feb 16,7
1,5,Sat,35.9,15.8,9.0,2025-02-16,Week of Feb 16,7
1,6,Sun,30.1,15.8,9.0,2025-02-16,Week of Feb 16,7
2,0,Mon,111.4,20.4,16.4,2025-02-17,Week of Feb 17,8
2,1,Tue,116.9,20.4,16.4,2025-02-17,Week of Feb 17,8
2,2,Wed,113.4,20.4,16.4,2025-02-17,Week of Feb 17,8
2,3,Thu,76.5,20.4,16.4,2025-02-17,Week of Feb 17,8
2,4,Fri,68.4,20.4,16.4,2025-02-17,Week of Feb 17,8
2,5,Sat,32.9,20.4,16.4,2025-02-17,Week of Feb 17,8
2,6,Sun,30.3,20.4,16.4,2025-02-17,Week of Feb 17,8
3,0,Mon,130.8,22.0,27.0,2025-02-18,Week of Feb 18,8
3,1,Tue,134.8,22.0,27.0,2025-02-18,Week of Feb 18,8
3,2,Wed,129.9,22.0,27.0,2025-02-18,Week of Feb 18,8
3,3,Thu,77.9,22.0,27.0,2025-02-18,Week of Feb 18,8
3,4,Fri,66.3,22.0,27.0,2025-02-18,Week of Feb 18,8
3,5,Sat,23.4,22.0,27.0,2025-02-18,Week of Feb 18,8
3,6,Sun,20.9,22.0,27.0,2025-02-18,Week of Feb 18,8
4,0,Mon,118.2,45.0,64.1,2025-02-19,Week of Feb 19,8
4,1,Tue,122.5,45.0,64.1,2025-02-19,Week of Feb 19,8
4,2,Wed,117.6,45.0,64.1,2025-02-19,Week of Feb 19,8
4,3,Thu,75.6,45.0,64.1,2025-02-19,Week of Feb 19,8
4,4,Fri,61.9,45.0,64.1,2025-02-19,Week of Feb 19,8
4,5,Sat,17.8,45.0,64.1,2025-02-19,Week of Feb 19,8
4,6,Sun,12.8,45.0,64.1,2025-02-19,Week of Feb 19,8
5,0,Mon,126.8,76.3,34.4,2025-02-20,Week of Feb 20,8
5,1,Tue,130.5,76.3,34.4,2025-02-20,Week of Feb 20,8
5,2,Wed,125.7,76.3,34.4,2025-02-20,Week of Feb 20,8
5,3,Thu,82.1,76.3,34.4,2025-02-20,Week of Feb 20,8
5,4,Fri,68.5,76.3,34.4,2025-02-20,Week of Feb 20,8
5,5,Sat,25.2,76.3,34.4,2025-02-20,Week of Feb 20,8
5,6,Sun,20.1,76.3,34.4,2025-02-20,Week of Feb 20,8
6,0,Mon,141.4,73.0,28.7,2025-02-21,Week of Feb 21,8
6,1,Tue,138.9,73.0,28.7,2025-02-21,Week of Feb 21,8
6,2,Wed,134.5,73.0,28.7,2025-02-21,Week of Feb 21,8
6,3,Thu,89.5,73.0,28.7,2025-02-21,Week of Feb 21,8
6,4,Fri,76.1,73.0,28.7,2025-02-21,Week of Feb 21,8
6,5,Sat,29.3,73.0,28.7,2025-02-21,Week of Feb 21,8
6,6,Sun,24.7,73.0,28.7,2025-02-21,Week of Feb 21,8
7,0,Mon,133.8,53.0,27.6,2025-02-22,Week of Feb 22,8
7,1,Tue,136.2,53.0,27.6,2025-02-22,Week of Feb 22,8
7,2,Wed,130.0,53.0,27.6,2025-02-22,Week of Feb 22,8
7,3,Thu,87.1,53.0,27.6,2025-02-22,Week of Feb 22,8
7,4,Fri,69.6,53.0,27.6,2025-02-22,Week of Feb 22,8
7,5,Sat,27.7,53.0,27.6,2025-02-22,Week of Feb 22,8
7,6,Sun,24.2,53.0,27.6,2025-02-22,Week of Feb 22,8
8,0,Mon,149.4,60.6,36.7,2025-02-23,Week of Feb 23,8
8,1,Tue,141.3,60.6,36.7,2025-02-23,Week of Feb 23,8
8,2,Wed,134.9,60.6,36.7,2025-02-23,Week of Feb 23,8
8,3,Thu,95.3,60.6,36.7,2025-02-23,Week of Feb 23,8
8,4,Fri,80.7,60.6,36.7,2025-02-23,Week of Feb 23,8
8,5,Sat,42.2,60.6,36.7,2025-02-23,Week of Feb 23,8
8,6,Sun,32.9,60.6,36.7,2025-02-23,Week of Feb 23,8
9,0,Mon,151.3,66.8,32.4,2025-02-24,Week of Feb 24,9
9,1,Tue,159.2,66.8,32.4,2025-02-24,Week of Feb 24,9
9,2,Wed,154.0,66.8,32.4,2025-02-24,Week of Feb 24,9
9,3,Thu,100.8,66.8,32.4,2025-02-24,Week of Feb 24,9
9,4,Fri,83.9,66.8,32.4,2025-02-24,Week of Feb 24,9
9,5,Sat,39.0,66.8,32.4,2025-02-24,Week of Feb 24,9
9,6,Sun,33.1,66.8,32.4,2025-02-24,Week of Feb 24,9
10,0,Mon,148.0,46.4,57.1,2025-02-25,Week of Feb 25,9
10,1,Tue,158.7,46.4,57.1,2025-02-25,Week of Feb 25,9
10,2,Wed,153.5,46.4,57.1,2025-02-25,Week of Feb 25,9
10,3,Thu,103.0,46.4,57.1,2025-02-25,Week of Feb 25,9
10,4,Fri,85.8,46.4,57.1,2025-02-25,Week of Feb 25,9
10,5,Sat,37.4,46.4,57.1,2025-02-25,Week of Feb 25,9
10,6,Sun,30.2,46.4,57.1,2025-02-25,Week of Feb 25,9
11,0,Mon,143.6,52.6,45.6,2025-02-26,Week of Feb 26,9
11,1,Tue,134.7,52.6,45.6,2025-02-26,Week of Feb 26,9
11,2,Wed,131.4,52.6,45.6,2025-02-26,Week of Feb 26,9
11,3,Thu,90.5,52.6,45.6,2025-02-26,Week of Feb 26,9
11,4,Fri,75.5,52.6,45.6,2025-02-26,Week of Feb 26,9
11,5,Sat,33.1,52.6,45.6,2025-02-26,Week of Feb 26,9
11,6,Sun,23.3,52.6,45.6,2025-02-26,Week of Feb 26,9
12,0,Mon,161.5,88.8,53.5,2025-02-27,Week of Feb 27,9
12,1,Tue,154.1,88.8,53.5,2025-02-27,Week of Feb 27,9
12,2,Wed,148.1,88.8,53.5,2025-02-27,Week of Feb 27,9
12,3,Thu,110.2,88.8,53.5,2025-02-27,Week of Feb 27,9
12,4,Fri,92.3,88.8,53.5,2025-02-27,Week of Feb 27,9
12,5,Sat,50.2,88.8,53.5,2025-02-27,Week of Feb 27,9
12,6,Sun,40.4,88.8,53.5,2025-02-27,Week of Feb 27,9
13,0,Mon,144.2,94.0,14.2,2025-02-28,Week of Feb 28,9
13,1,Tue,154.7,94.0,14.2,2025-02-28,Week of Feb 28,9
13,2,Wed,149.2,94.0,14.2,2025-02-28,Week of Feb 28,9
13,3,Thu,107.5,94.0,14.2,2025-02-28,Week of Feb 28,9
13,4,Fri,91.8,94.0,14.2,2025-02-28,Week of Feb 28,9
13,5,Sat,45.2,94.0,14.2,2025-02-28,Week of Feb 28,9
13,6,Sun,38.0,94.0,14.2,2025-02-28,Week of Feb 28,9
14,0,Mon,171.2,74.2,24.2,2025-03-01,Week of Mar 01,9
14,1,Tue,171.2,74.2,24.2,2025-03-01,Week of Mar 01,9
14,2,Wed,165.8,74.2,24.2,2025-03-01,Week of Mar 01,9
14,3,Thu,119.0,74.2,24.2,2025-03-01,Week of Mar 01,9
14,4,Fri,106.2,74.2,24.2,2025-03-01,Week of Mar 01,9
14,5,Sat,68.8,74.2,24.2,2025-03-01,Week of Mar 01,9
14,6,Sun,56.8,74.2,24.2,2025-03-01,Week of Mar 01,9
15,0,Mon,144.0,77.2,24.7,2025-03-02,Week of Mar 02,9
15,1,Tue,152.4,77.2,24.7,2025-03-02,Week of Mar 02,9
15,2,Wed,148.6,77.2,24.7,2025-03-02,Week of Mar 02,9
15,3,Thu,110.2,77.2,24.7,2025-03-02,Week of Mar 02,9
15,4,Fri,99.9,77.2,24.7,2025-03-02,Week of Mar 02,9
15,5,Sat,48.1,77.2,24.7,2025-03-02,Week of Mar 02,9
15,6,Sun,35.0,77.2,24.7,2025-03-02,Week of Mar 02,9
16,0,Mon,222.0,87.4,69.9,2025-03-03,Week of Mar 03,10
16,1,Tue,225.8,87.4,69.9,2025-03-03,Week of Mar 03,10
16,2,Wed,220.3,87.4,69.9,2025-03-03,Week of Mar 03,10
16,3,Thu,173.5,87.4,69.9,2025-03-03,Week of Mar 03,10
16,4,Fri,150.2,87.4,69.9,2025-03-03,Week of Mar 03,10
16,5,Sat,70.4,87.4,69.9,2025-03-03,Week of Mar 03,10
16,6,Sun,58.1,87.4,69.9,2025-03-03,Week of Mar 03,10
17,0,Mon,203.3,85.2,68.5,2025-03-04,Week of Mar 04,10
17,1,Tue,191.1,85.2,68.5,2025-03-04,Week of Mar 04,10
17,2,Wed,186.1,85.2,68.5,2025-03-04,Week of Mar 04,10
17,3,Thu,147.5,85.2,68.5,2025-03-04,Week of Mar 04,10
17,4,Fri,127.7,85.2,68.5,2025-03-04,Week of Mar 04,10
17,5,Sat,50.3,85.2,68.5,2025-03-04,Week of Mar 04,10
17,6,Sun,37.6,85.2,68.5,2025-03-04,Week of Mar 04,10
18,0,Mon,224.7,98.0,64.9,2025-03-05,Week of Mar 05,10
18,1,Tue,209.3,98.0,64.9,2025-03-05,Week of Mar 05,10
18,2,Wed,203.6,98.0,64.9,2025-03-05,Week of Mar 05,10
18,3,Thu,161.3,98.0,64.9,2025-03-05,Week of Mar 05,10
18,4,Fri,140.9,98.0,64.9,2025-03-05,Week of Mar 05,10
18,5,Sat,68.6,98.0,64.9,2025-03-05,Week of Mar 05,10
18,6,Sun,57.1,98.0,64.9,2025-03-05,Week of Mar 05,10
19,0,Mon,193.1,111.0,51.1,2025-03-06,Week of Mar 06,10
19,1,Tue,195.8,111.0,51.1,2025-03-06,Week of Mar 06,10
19,2,Wed,190.3,111.0,51.1,2025-03-06,Week of Mar 06,10
19,3,Thu,151.3,111.0,51.1,2025-03-06,Week of Mar 06,10
19,4,Fri,129.7,111.0,51.1,2025-03-06,Week of Mar 06,10
19,5,Sat,56.8,111.0,51.1,2025-03-06,Week of Mar 06,10
19,6,Sun,46.5,111.0,51.1,2025-03-06,Week of Mar 06,10
20,0,Mon,227.1,115.4,68.6,2025-03-07,Week of Mar 07,10
20,1,Tue,222.3,115.4,68.6,2025-03-07,Week of Mar 07,10
20,2,Wed,216.9,115.4,68.6,2025-03-07,Week of Mar 07,10
20,3,Thu,171.1,115.4,68.6,2025-03-07,Week of Mar 07,10
20,4,Fri,148.4,115.4,68.6,2025-03-07,Week of Mar 07,10
20,5,Sat,78.9,115.4,68.6,2025-03-07,Week of Mar 07,10
20,6,Sun,66.8,115.4,68.6,2025-03-07,Week of Mar 07,10
21,0,Mon,211.6,127.6,36.4,2025-03-08,Week of Mar 08,10
21,1,Tue,204.2,127.6,36.4,2025-03-08,Week of Mar 08,10
21,2,Wed,202.2,127.6,36.4,2025-03-08,Week of Mar 08,10
21,3,Thu,168.4,127.6,36.4,2025-03-08,Week of Mar 08,10
21,4,Fri,146.7,127.6,36.4,2025-03-08,Week of Mar 08,10
21,5,Sat,69.6,127.6,36.4,2025-03-08,Week of Mar 08,10
21,6,Sun,56.8,127.6,36.4,2025-03-08,Week of Mar 08,10
22,0,Mon,211.4,100.6,33.4,2025-03-09,Week of Mar 09,10
22,1,Tue,194.6,100.6,33.4,2025-03-09,Week of Mar 09,10
22,2,Wed,189.7,100.6,33.4,2025-03-09,Week of Mar 09,10
22,3,Thu,150.8,100.6,33.4,2025-03-09,Week of Mar 09,10
22,4,Fri,128.5,100.6,33.4,2025-03-09,Week of Mar 09,10
22,5,Sat,55.5,100.6,33.4,2025-03-09,Week of Mar 09,10
22,6,Sun,41.2,100.6,33.4,2025-03-09,Week of Mar 09,10
23,0,Mon,238.2,134.0,107.4,2025-03-10,Week of Mar 10,11
23,1,Tue,221.1,134.0,107.4,2025-03-10,Week of Mar 10,11
23,2,Wed,216.3,134.0,107.4,2025-03-10,Week of Mar 10,11
23,3,Thu,177.0,134.0,107.4,2025-03-10,Week of Mar 10,11
23,4,Fri,149.3,134.0,107.4,2025-03-10,Week of Mar 10,11
23,5,Sat,72.7,134.0,107.4,2025-03-10,Week of Mar 10,11
23,6,Sun,55.6,134.0,107.4,2025-03-10,Week of Mar 10,11
24,0,Mon,241.0,133.4,120.2,2025-03-11,Week of Mar 11,11
24,1,Tue,217.9,133.4,120.2,2025-03-11,Week of Mar 11,11
24,2,Wed,214.1,133.4,120.2,2025-03-11,Week of Mar 11,11
24,3,Thu,175.6,133.4,120.2,2025-03-11,Week of Mar 11,11
24,4,Fri,153.9,133.4,120.2,2025-03-11,Week of Mar 11,11
24,5,Sat,68.0,133.4,120.2,2025-03-11,Week of Mar 11,11
24,6,Sun,51.4,133.4,120.2,2025-03-11,Week of Mar 11,11
25,0,Mon,249.5,106.2,86.1,2025-03-12,Week of Mar 12,11
25,1,Tue,234.2,106.2,86.1,2025-03-12,Week of Mar 12,11
25,2,Wed,229.9,106.2,86.1,2025-03-12,Week of Mar 12,11
25,3,Thu,186.0,106.2,86.1,2025-03-12,Week of Mar 12,11
25,4,Fri,160.1,106.2,86.1,2025-03-12,Week of Mar 12,11
25,5,Sat,79.8,106.2,86.1,2025-03-12,Week of Mar 12,11
25,6,Sun,64.6,106.2,86.1,2025-03-12,Week of Mar 12,11
26,0,Mon,237.3,121.2,94.6,2025-03-13,Week of Mar 13,11
26,1,Tue,230.4,121.2,94.6,2025-03-13,Week of Mar 13,11
26,2,Wed,227.3,121.2,94.6,2025-03-13,Week of Mar 13,11
26,3,Thu,184.7,121.2,94.6,2025-03-13,Week of Mar 13,11
26,4,Fri,158.2,121.2,94.6,2025-03-13,Week of Mar 13,11
26,5,Sat,71.5,121.2,94.6,2025-03-13,Week of Mar 13,11
26,6,Sun,55.5,121.2,94.6,2025-03-13,Week of Mar 13,11
27,0,Mon,240.3,138.8,60.5,2025-03-14,Week of Mar 14,11
27,1,Tue,211.1,138.8,60.5,2025-03-14,Week of Mar 14,11
27,2,Wed,212.6,138.8,60.5,2025-03-14,Week of Mar 14,11
27,3,Thu,182.4,138.8,60.5,2025-03-14,Week of Mar 14,11
27,4,Fri,160.5,138.8,60.5,2025-03-14,Week of Mar 14,11
27,5,Sat,78.9,138.8,60.5,2025-03-14,Week of Mar 14,11
27,6,Sun,59.6,138.8,60.5,2025-03-14,Week of Mar 14,11
28,0,Mon,260.3,152.8,73.9,2025-03-15,Week of Mar 15,11
28,1,Tue,230.4,152.8,73.9,2025-03-15,Week of Mar 15,11
28,2,Wed,226.1,152.8,73.9,2025-03-15,Week of Mar 15,11
28,3,Thu,183.0,152.8,73.9,2025-03-15,Week of Mar 15,11
28,4,Fri,162.2,152.8,73.9,2025-03-15,Week of Mar 15,11
28,5,Sat,79.8,152.8,73.9,2025-03-15,Week of Mar 15,11
28,6,Sun,59.0,152.8,73.9,2025-03-15,Week of Mar 15,11
29,0,Mon,307.9,106.8,41.8,2025-03-16,Week of Mar 16,11
29,1,Tue,254.2,106.8,41.8,2025-03-16,Week of Mar 16,11
29,2,Wed,238.3,106.8,41.8,2025-03-16,Week of Mar 16,11
29,3,Thu,197.0,106.8,41.8,2025-03-16,Week of Mar 16,11
29,4,Fri,169.1,106.8,41.8,2025-03-16,Week of Mar 16,11
29,5,Sat,90.6,106.8,41.8,2025-03-16,Week of Mar 16,11
29,6,Sun,71.6,106.8,41.8,2025-03-16,Week of Mar 16,11
30,0,Mon,279.0,168.4,156.0,2025-03-17,Week of Mar 17,12
30,1,Tue,266.3,168.4,156.0,2025-03-17,Week of Mar 17,12
30,2,Wed,255.7,168.4,156.0,2025-03-17,Week of Mar 17,12
30,3,Thu,213.4,168.4,156.0,2025-03-17,Week of Mar 17,12
30,4,Fri,183.1,168.4,156.0,2025-03-17,Week of Mar 17,12
30,5,Sat,87.2,168.4,156.0,2025-03-17,Week of Mar 17,12
30,6,Sun,63.9,168.4,156.0,2025-03-17,Week of Mar 17,12
31,0,Mon,295.1,148.8,136.3,2025-03-18,Week of Mar 18,12
31,1,Tue,278.9,148.8,136.3,2025-03-18,Week of Mar 18,12
31,2,Wed,269.1,148.8,136.3,2025-03-18,Week of Mar 18,12
31,3,Thu,225.5,148.8,136.3,2025-03-18,Week of Mar 18,12
31,4,Fri,197.0,148.8,136.3,2025-03-18,Week of Mar 18,12
31,5,Sat,98.5,148.8,136.3,2025-03-18,Week of Mar 18,12
31,6,Sun,73.8,148.8,136.3,2025-03-18,Week of Mar 18,12
32,0,Mon,304.1,154.0,118.1,2025-03-19,Week of Mar 19,12
32,1,Tue,265.8,154.0,118.1,2025-03-19,Week of Mar 19,12
32,2,Wed,262.9,154.0,118.1,2025-03-19,Week of Mar 19,12
32,3,Thu,228.8,154.0,118.1,2025-03-19,Week of Mar 19,12
32,4,Fri,200.3,154.0,118.1,2025-03-19,Week of Mar 19,12
32,5,Sat,98.4,154.0,118.1,2025-03-19,Week of Mar 19,12
32,6,Sun,74.9,154.0,118.1,2025-03-19,Week of Mar 19,12
33,0,Mon,286.7,125.8,81.0,2025-03-20,Week of Mar 20,12
33,1,Tue,259.1,125.8,81.0,2025-03-20,Week of Mar 20,12
33,2,Wed,256.9,125.8,81.0,2025-03-20,Week of Mar 20,12
33,3,Thu,216.6,125.8,81.0,2025-03-20,Week of Mar 20,12
33,4,Fri,186.4,125.8,81.0,2025-03-20,Week of Mar 20,12
33,5,Sat,84.7,125.8,81.0,2025-03-20,Week of Mar 20,12
33,6,Sun,59.5,125.8,81.0,2025-03-20,Week of Mar 20,12
34,0,Mon,309.7,171.6,103.0,2025-03-21,Week of Mar 21,12
34,1,Tue,275.4,171.6,103.0,2025-03-21,Week of Mar 21,12
34,2,Wed,266.8,171.6,103.0,2025-03-21,Week of Mar 21,12
34,3,Thu,233.3,171.6,103.0,2025-03-21,Week of Mar 21,12
34,4,Fri,209.2,171.6,103.0,2025-03-21,Week of Mar 21,12
34,5,Sat,106.1,171.6,103.0,2025-03-21,Week of Mar 21,12
34,6,Sun,81.1,171.6,103.0,2025-03-21,Week of Mar 21,12
35,0,Mon,307.1,235.4,108.5,2025-03-22,Week of Mar 22,12
35,1,Tue,271.3,235.4,108.5,2025-03-22,Week of Mar 22,12
35,2,Wed,269.0,235.4,108.5,2025-03-22,Week of Mar 22,12
35,3,Thu,233.1,235.4,108.5,2025-03-22,Week of Mar 22,12
35,4,Fri,208.2,235.4,108.5,2025-03-22,Week of Mar 22,12
35,5,Sat,104.8,235.4,108.5,2025-03-22,Week of Mar 22,12
35,6,Sun,78.5,235.4,108.5,2025-03-22,Week of Mar 22,12
36,0,Mon,280.6,188.2,115.6,2025-03-23,Week of Mar 23,12
36,1,Tue,269.2,188.2,115.6,2025-03-23,Week of Mar 23,12
36,2,Wed,263.9,188.2,115.6,2025-03-23,Week of Mar 23,12
36,3,Thu,214.0,188.2,115.6,2025-03-23,Week of Mar 23,12
36,4,Fri,185.1,188.2,115.6,2025-03-23,Week of Mar 23,12
36,5,Sat,89.7,188.2,115.6,2025-03-23,Week of Mar 23,12
36,6,Sun,66.6,188.2,115.6,2025-03-23,Week of Mar 23,12
37,0,Mon,240.7,164.8,73.8,2025-03-24,Week of Mar 24,13
37,1,Tue,215.5,164.8,73.8,2025-03-24,Week of Mar 24,13
37,2,Wed,208.7,164.8,73.8,2025-03-24,Week of Mar 24,13
37,3,Thu,162.3,164.8,73.8,2025-03-24,Week of Mar 24,13
37,4,Fri,132.0,164.8,73.8,2025-03-24,Week of Mar 24,13
37,5,Sat,45.1,164.8,73.8,2025-03-24,Week of Mar 24,13
37,6,Sun,23.8,164.8,73.8,2025-03-24,Week of Mar 24,13
38,0,Mon,276.1,142.4,112.5,2025-03-25,Week of Mar 25,13
38,1,Tue,256.0,142.4,112.5,2025-03-25,Week of Mar 25,13
38,2,Wed,249.9,142.4,112.5,2025-03-25,Week of Mar 25,13
38,3,Thu,200.8,142.4,112.5,2025-03-25,Week of Mar 25,13
38,4,Fri,172.8,142.4,112.5,2025-03-25,Week of Mar 25,13
38,5,Sat,79.4,142.4,112.5,2025-03-25,Week of Mar 25,13
38,6,Sun,57.5,142.4,112.5,2025-03-25,Week of Mar 25,13
39,0,Mon,278.5,169.6,130.2,2025-03-26,Week of Mar 26,13
39,1,Tue,243.3,169.6,130.2,2025-03-26,Week of Mar 26,13
39,2,Wed,236.7,169.6,130.2,2025-03-26,Week of Mar 26,13
39,3,Thu,204.4,169.6,130.2,2025-03-26,Week of Mar 26,13
39,4,Fri,180.6,169.6,130.2,2025-03-26,Week of Mar 26,13
39,5,Sat,82.5,169.6,130.2,2025-03-26,Week of Mar 26,13
39,6,Sun,58.8,169.6,130.2,2025-03-26,Week of Mar 26,13
40,0,Mon,262.8,135.0,85.9,2025-03-27,Week of Mar 27,13
40,1,Tue,225.1,135.0,85.9,2025-03-27,Week of Mar 27,13
40,2,Wed,226.1,135.0,85.9,2025-03-27,Week of Mar 27,13
40,3,Thu,193.1,135.0,85.9,2025-03-27,Week of Mar 27,13
40,4,Fri,170.1,135.0,85.9,2025-03-27,Week of Mar 27,13
40,5,Sat,72.6,135.0,85.9,2025-03-27,Week of Mar 27,13
40,6,Sun,48.3,135.0,85.9,2025-03-27,Week of Mar 27,13
41,0,Mon,255.3,130.2,78.0,2025-03-28,Week of Mar 28,13
41,1,Tue,233.7,130.2,78.0,2025-03-28,Week of Mar 28,13
41,2,Wed,231.4,130.2,78.0,2025-03-28,Week of Mar 28,13
41,3,Thu,188.6,130.2,78.0,2025-03-28,Week of Mar 28,13
41,4,Fri,157.8,130.2,78.0,2025-03-28,Week of Mar 28,13
41,5,Sat,69.6,130.2,78.0,2025-03-28,Week of Mar 28,13
41,6,Sun,49.0,130.2,78.0,2025-03-28,Week of Mar 28,13
42,0,Mon,251.4,160.4,73.8,2025-03-29,Week of Mar 29,13
42,1,Tue,221.1,160.4,73.8,2025-03-29,Week of Mar 29,13
42,2,Wed,219.4,160.4,73.8,2025-03-29,Week of Mar 29,13
42,3,Thu,182.5,160.4,73.8,2025-03-29,Week of Mar 29,13
42,4,Fri,159.1,160.4,73.8,2025-03-29,Week of Mar 29,13
42,5,Sat,62.8,160.4,73.8,2025-03-29,Week of Mar 29,13
42,6,Sun,43.4,160.4,73.8,2025-03-29,Week of Mar 29,13
43,0,Mon,268.9,162.8,52.1,2025-03-30,Week of Mar 30,13
43,1,Tue,229.8,162.8,52.1,2025-03-30,Week of Mar 30,13
43,2,Wed,229.6,162.8,52.1,2025-03-30,Week of Mar 30,13
43,3,Thu,204.2,162.8,52.1,2025-03-30,Week of Mar 30,13
43,4,Fri,183.9,162.8,52.1,2025-03-30,Week of Mar 30,13
43,5,Sat,86.4,162.8,52.1,2025-03-30,Week of Mar 30,13
43,6,Sun,61.9,162.8,52.1,2025-03-30,Week of Mar 30,13
44,0,Mon,248.8,184.6,68.0,2025-03-31,Week of Mar 31,14
44,1,Tue,198.1,184.6,68.0,2025-03-31,Week of Mar 31,14
44,2,Wed,184.6,184.6,68.0,2025-03-31,Week of Mar 31,14
44,3,Thu,154.7,184.6,68.0,2025-03-31,Week of Mar 31,14
44,4,Fri,128.5,184.6,68.0,2025-03-31,Week of Mar 31,14
44,5,Sat,39.4,184.6,68.0,2025-03-31,Week of Mar 31,14
44,6,Sun,20.9,184.6,68.0,2025-03-31,Week of Mar 31,14
45,0,Mon,344.8,142.0,52.1,2025-04-01,Week of Apr 01,14
45,1,Tue,284.6,142.0,52.1,2025-04-01,Week of Apr 01,14
45,2,Wed,272.9,142.0,52.1,2025-04-01,Week of Apr 01,14
45,3,Thu,237.8,142.0,52.1,2025-04-01,Week of Apr 01,14
45,4,Fri,214.5,142.0,52.1,2025-04-01,Week of Apr 01,14
45,5,Sat,114.1,142.0,52.1,2025-04-01,Week of Apr 01,14
45,6,Sun,93.9,142.0,52.1,2025-04-01,Week of Apr 01,14
46,0,Mon,236.2,127.4,46.8,2025-04-02,Week of Apr 02,14
46,1,Tue,212.4,127.4,46.8,2025-04-02,Week of Apr 02,14
46,2,Wed,216.1,127.4,46.8,2025-04-02,Week of Apr 02,14
46,3,Thu,194.8,127.4,46.8,2025-04-02,Week of Apr 02,14
46,4,Fri,169.0,127.4,46.8,2025-04-02,Week of Apr 02,14
46,5,Sat,72.3,127.4,46.8,2025-04-02,Week of Apr 02,14
46,6,Sun,49.5,127.4,46.8,2025-04-02,Week of Apr 02,14
47,0,Mon,258.6,151.6,110.2,2025-04-03,Week of Apr 03,14
47,1,Tue,233.6,151.6,110.2,2025-04-03,Week of Apr 03,14
47,2,Wed,224.9,151.6,110.2,2025-04-03,Week of Apr 03,14
47,3,Thu,196.0,151.6,110.2,2025-04-03,Week of Apr 03,14
47,4,Fri,169.1,151.6,110.2,2025-04-03,Week of Apr 03,14
47,5,Sat,75.6,151.6,110.2,2025-04-03,Week of Apr 03,14
47,6,Sun,53.7,151.6,110.2,2025-04-03,Week of Apr 03,14
48,0,Mon,275.3,176.5,65.8,2025-04-04,Week of Apr 04,14
48,1,Tue,219.6,176.5,65.8,2025-04-04,Week of Apr 04,14
48,2,Wed,207.0,176.5,65.8,2025-04-04,Week of Apr 04,14
48,3,Thu,178.0,176.5,65.8,2025-04-04,Week of Apr 04,14
48,4,Fri,151.9,176.5,65.8,2025-04-04,Week of Apr 04,14
48,5,Sat,60.0,176.5,65.8,2025-04-04,Week of Apr 04,14
48,6,Sun,41.2,176.5,65.8,2025-04-04,Week of Apr 04,14
49,0,Mon,273.1,200.0,125.2,2025-04-05,Week of Apr 05,14
49,1,Tue,228.0,200.0,125.2,2025-04-05,Week of Apr 05,14
49,2,Wed,215.5,200.0,125.2,2025-04-05,Week of Apr 05,14
49,3,Thu,187.9,200.0,125.2,2025-04-05,Week of Apr 05,14
49,4,Fri,159.3,200.0,125.2,2025-04-05,Week of Apr 05,14
49,5,Sat,63.1,200.0,125.2,2025-04-05,Week of Apr 05,14
49,6,Sun,42.7,200.0,125.2,2025-04-05,Week of Apr 05,14
50,0,Mon,314.4,198.8,74.0,2025-04-06,Week of Apr 06,14
50,1,Tue,258.6,198.8,74.0,2025-04-06,Week of Apr 06,14
50,2,Wed,245.0,198.8,74.0,2025-04-06,Week of Apr 06,14
50,3,Thu,214.0,198.8,74.0,2025-04-06,Week of Apr 06,14
50,4,Fri,185.5,198.8,74.0,2025-04-06,Week of Apr 06,14
50,5,Sat,85.9,198.8,74.0,2025-04-06,Week of Apr 06,14
50,6,Sun,63.2,198.8,74.0,2025-04-06,Week of Apr 06,14
51,0,Mon,247.8,179.2,70.8,2025-04-07,Week of Apr 07,15
51,1,Tue,226.3,179.2,70.8,2025-04-07,Week of Apr 07,15
51,2,Wed,222.3,179.2,70.8,2025-04-07,Week of Apr 07,15
51,3,Thu,190.0,179.2,70.8,2025-04-07,Week of Apr 07,15
51,4,Fri,163.4,179.2,70.8,2025-04-07,Week of Apr 07,15
51,5,Sat,78.0,179.2,70.8,2025-04-07,Week of Apr 07,15
51,6,Sun,55.9,179.2,70.8,2025-04-07,Week of Apr 07,15
52,0,Mon,258.0,149.2,84.1,2025-04-08,Week of Apr 08,15
52,1,Tue,220.2,149.2,84.1,2025-04-08,Week of Apr 08,15
52,2,Wed,217.4,149.2,84.1,2025-04-08,Week of Apr 08,15
52,3,Thu,196.6,149.2,84.1,2025-04-08,Week of Apr 08,15
52,4,Fri,174.3,149.2,84.1,2025-04-08,Week of Apr 08,15
52,5,Sat,77.0,149.2,84.1,2025-04-08,Week of Apr 08,15
52,6,Sun,52.1,149.2,84.1,2025-04-08,Week of Apr 08,15
53,0,Mon,264.1,172.2,111.0,2025-04-09,Week of Apr 09,15
53,1,Tue,231.8,172.2,111.0,2025-04-09,Week of Apr 09,15
53,2,Wed,230.8,172.2,111.0,2025-04-09,Week of Apr 09,15
53,3,Thu,211.9,172.2,111.0,2025-04-09,Week of Apr 09,15
53,4,Fri,187.7,172.2,111.0,2025-04-09,Week of Apr 09,15
53,5,Sat,87.8,172.2,111.0,2025-04-09,Week of Apr 09,15
53,6,Sun,62.6,172.2,111.0,2025-04-09,Week of Apr 09,15
54,0,Mon,306.9,149.6,91.8,2025-04-10,Week of Apr 10,15
54,1,Tue,263.4,149.6,91.8,2025-04-10,Week of Apr 10,15
54,2,Wed,255.2,149.6,91.8,2025-04-10,Week of Apr 10,15
54,3,Thu,223.6,149.6,91.8,2025-04-10,Week of Apr 10,15
54,4,Fri,199.3,149.6,91.8,2025-04-10,Week of Apr 10,15
54,5,Sat,98.3,149.6,91.8,2025-04-10,Week of Apr 10,15
54,6,Sun,76.3,149.6,91.8,2025-04-10,Week of Apr 10,15
55,0,Mon,291.3,211.5,70.1,2025-04-11,Week of Apr 11,15
55,1,Tue,248.4,211.5,70.1,2025-04-11,Week of Apr 11,15
55,2,Wed,240.1,211.5,70.1,2025-04-11,Week of Apr 11,15
55,3,Thu,204.3,211.5,70.1,2025-04-11,Week of Apr 11,15
55,4,Fri,178.9,211.5,70.1,2025-04-11,Week of Apr 11,15
55,5,Sat,78.5,211.5,70.1,2025-04-11,Week of Apr 11,15
55,6,Sun,55.9,211.5,70.1,2025-04-11,Week of Apr 11,15
56,0,Mon,275.6,191.8,82.7,2025-04-12,Week of Apr 12,15
56,1,Tue,229.3,191.8,82.7,2025-04-12,Week of Apr 12,15
56,2,Wed,219.8,191.8,82.7,2025-04-12,Week of Apr 12,15
56,3,Thu,193.7,191.8,82.7,2025-04-12,Week of Apr 12,15
56,4,Fri,168.2,191.8,82.7,2025-04-12,Week of Apr 12,15
56,5,Sat,78.1,191.8,82.7,2025-04-12,Week of Apr 12,15
56,6,Sun,57.0,191.8,82.7,2025-04-12,Week of Apr 12,15
57,0,Mon,307.2,181.8,87.1,2025-04-13,Week of Apr 13,15
57,1,Tue,257.7,181.8,87.1,2025-04-13,Week of Apr 13,15
57,2,Wed,251.8,181.8,87.1,2025-04-13,Week of Apr 13,15
57,3,Thu,234.2,181.8,87.1,2025-04-13,Week of Apr 13,15
57,4,Fri,214.2,181.8,87.1,2025-04-13,Week of Apr 13,15
57,5,Sat,118.0,181.8,87.1,2025-04-13,Week of Apr 13,15
57,6,Sun,95.9,181.8,87.1,2025-04-13,Week of Apr 13,15
58,0,Mon,302.9,170.0,34.9,2025-04-14,Week of Apr 14,16
58,1,Tue,253.2,170.0,34.9,2025-04-14,Week of Apr 14,16
58,2,Wed,243.4,170.0,34.9,2025-04-14,Week of Apr 14,16
58,3,Thu,220.7,170.0,34.9,2025-04-14,Week of Apr 14,16
58,4,Fri,201.7,170.0,34.9,2025-04-14,Week of Apr 14,16
58,5,Sat,108.3,170.0,34.9,2025-04-14,Week of Apr 14,16
58,6,Sun,89.3,170.0,34.9,2025-04-14,Week of Apr 14,16
59,0,Mon,287.8,125.6,55.9,2025-04-15,Week of Apr 15,16
59,1,Tue,231.2,125.6,55.9,2025-04-15,Week of Apr 15,16
59,2,Wed,222.6,125.6,55.9,2025-04-15,Week of Apr 15,16
59,3,Thu,200.5,125.6,55.9,2025-04-15,Week of Apr 15,16
59,4,Fri,181.0,125.6,55.9,2025-04-15,Week of Apr 15,16
59,5,Sat,88.7,125.6,55.9,2025-04-15,Week of Apr 15,16
59,6,Sun,66.4,125.6,55.9,2025-04-15,Week of Apr 15,16
60,0,Mon,293.3,135.2,95.3,2025-04-16,Week of Apr 16,16
60,1,Tue,232.3,135.2,95.3,2025-04-16,Week of Apr 16,16
60,2,Wed,220.6,135.2,95.3,2025-04-16,Week of Apr 16,16
60,3,Thu,205.9,135.2,95.3,2025-04-16,Week of Apr 16,16
60,4,Fri,184.7,135.2,95.3,2025-04-16,Week of Apr 16,16
60,5,Sat,92.1,135.2,95.3,2025-04-16,Week of Apr 16,16
60,6,Sun,69.5,135.2,95.3,2025-04-16,Week of Apr 16,16
61,0,Mon,272.1,152.2,109.6,2025-04-17,Week of Apr 17,16
61,1,Tue,206.9,152.2,109.6,2025-04-17,Week of Apr 17,16
61,2,Wed,200.1,152.2,109.6,2025-04-17,Week of Apr 17,16
61,3,Thu,184.1,152.2,109.6,2025-04-17,Week of Apr 17,16
61,4,Fri,163.9,152.2,109.6,2025-04-17,Week of Apr 17,16
61,5,Sat,69.1,152.2,109.6,2025-04-17,Week of Apr 17,16
61,6,Sun,45.7,152.2,109.6,2025-04-17,Week of Apr 17,16
62,0,Mon,294.3,187.2,41.2,2025-04-18,Week of Apr 18,16
62,1,Tue,244.6,187.2,41.2,2025-04-18,Week of Apr 18,16
62,2,Wed,237.0,187.2,41.2,2025-04-18,Week of Apr 18,16
62,3,Thu,205.7,187.2,41.2,2025-04-18,Week of Apr 18,16
62,4,Fri,184.6,187.2,41.2,2025-04-18,Week of Apr 18,16
62,5,Sat,95.0,187.2,41.2,2025-04-18,Week of Apr 18,16
62,6,Sun,74.3,187.2,41.2,2025-04-18,Week of Apr 18,16
63,0,Mon,260.7,157.6,28.7,2025-04-19,Week of Apr 19,16
63,1,Tue,206.1,157.6,28.7,2025-04-19,Week of Apr 19,16
63,2,Wed,198.5,157.6,28.7,2025-04-19,Week of Apr 19,16
63,3,Thu,176.0,157.6,28.7,2025-04-19,Week of Apr 19,16
63,4,Fri,160.4,157.6,28.7,2025-04-19,Week of Apr 19,16
63,5,Sat,73.6,157.6,28.7,2025-04-19,Week of Apr 19,16
63,6,Sun,51.5,157.6,28.7,2025-04-19,Week of Apr 19,16
64,0,Mon,264.2,123.2,30.2,2025-04-20,Week of Apr 20,16
64,1,Tue,213.8,123.2,30.2,2025-04-20,Week of Apr 20,16
64,2,Wed,201.9,123.2,30.2,2025-04-20,Week of Apr 20,16
64,3,Thu,184.8,123.2,30.2,2025-04-20,Week of Apr 20,16
64,4,Fri,167.9,123.2,30.2,2025-04-20,Week of Apr 20,16
64,5,Sat,76.5,123.2,30.2,2025-04-20,Week of Apr 20,16
64,6,Sun,55.2,123.2,30.2,2025-04-20,Week of Apr 20,16
65,0,Mon,275.2,142.0,86.4,2025-04-21,Week of Apr 21,17
65,1,Tue,220.6,142.0,86.4,2025-04-21,Week of Apr 21,17
65,2,Wed,214.9,142.0,86.4,2025-04-21,Week of Apr 21,17
65,3,Thu,200.4,142.0,86.4,2025-04-21,Week of Apr 21,17
65,4,Fri,182.5,142.0,86.4,2025-04-21,Week of Apr 21,17
65,5,Sat,104.4,142.0,86.4,2025-04-21,Week of Apr 21,17
65,6,Sun,85.9,142.0,86.4,2025-04-21,Week of Apr 21,17
66,0,Mon,239.9,115.0,84.5,2025-04-22,Week of Apr 22,17
66,1,Tue,188.8,115.0,84.5,2025-04-22,Week of Apr 22,17
66,2,Wed,182.2,115.0,84.5,2025-04-22,Week of Apr 22,17
66,3,Thu,167.6,115.0,84.5,2025-04-22,Week of Apr 22,17
66,4,Fri,151.8,115.0,84.5,2025-04-22,Week of Apr 22,17
66,5,Sat,55.1,115.0,84.5,2025-04-22,Week of Apr 22,17
66,6,Sun,42.9,115.0,84.5,2025-04-22,Week of Apr 22,17
67,0,Mon,247.2,104.8,78.2,2025-04-23,Week of Apr 23,17
67,1,Tue,211.3,104.8,78.2,2025-04-23,Week of Apr 23,17
67,2,Wed,200.1,104.8,78.2,2025-04-23,Week of Apr 23,17
67,3,Thu,184.1,104.8,78.2,2025-04-23,Week of Apr 23,17
67,4,Fri,166.9,104.8,78.2,2025-04-23,Week of Apr 23,17
67,5,Sat,59.0,104.8,78.2,2025-04-23,Week of Apr 23,17
67,6,Sun,45.9,104.8,78.2,2025-04-23,Week of Apr 23,17
68,0,Mon,264.5,92.8,71.2,2025-04-24,Week of Apr 24,17
68,1,Tue,232.8,92.8,71.2,2025-04-24,Week of Apr 24,17
68,2,Wed,220.8,92.8,71.2,2025-04-24,Week of Apr 24,17
68,3,Thu,200.2,92.8,71.2,2025-04-24,Week of Apr 24,17
68,4,Fri,189.7,92.8,71.2,2025-04-24,Week of Apr 24,17
68,5,Sat,81.7,92.8,71.2,2025-04-24,Week of Apr 24,17
68,6,Sun,67.7,92.8,71.2,2025-04-24,Week of Apr 24,17
69,0,Mon,236.5,167.5,77.3,2025-04-25,Week of Apr 25,17
69,1,Tue,203.5,167.5,77.3,2025-04-25,Week of Apr 25,17
69,2,Wed,193.4,167.5,77.3,2025-04-25,Week of Apr 25,17
69,3,Thu,176.2,167.5,77.3,2025-04-25,Week of Apr 25,17
69,4,Fri,164.8,167.5,77.3,2025-04-25,Week of Apr 25,17
69,5,Sat,56.9,167.5,77.3,2025-04-25,Week of Apr 25,17
69,6,Sun,44.8,167.5,77.3,2025-04-25,Week of Apr 25,17
70,0,Mon,201.1,104.4,38.8,2025-04-26,Week of Apr 26,17
70,1,Tue,174.0,104.4,38.8,2025-04-26,Week of Apr 26,17
70,2,Wed,164.1,104.4,38.8,2025-04-26,Week of Apr 26,17
70,3,Thu,141.7,104.4,38.8,2025-04-26,Week of Apr 26,17
70,4,Fri,132.5,104.4,38.8,2025-04-26,Week of Apr 26,17
70,5,Sat,49.9,104.4,38.8,2025-04-26,Week of Apr 26,17
70,6,Sun,38.6,104.4,38.8,2025-04-26,Week of Apr 26,17
71,0,Mon,207.0,83.2,31.9,2025-04-27,Week of Apr 27,17
71,1,Tue,172.8,83.2,31.9,2025-04-27,Week of Apr 27,17
71,2,Wed,157.2,83.2,31.9,2025-04-27,Week of Apr 27,17
71,3,Thu,133.3,83.2,31.9,2025-04-27,Week of Apr 27,17
71,4,Fri,126.3,83.2,31.9,2025-04-27,Week of Apr 27,17
71,5,Sat,48.2,83.2,31.9,2025-04-27,Week of Apr 27,17
71,6,Sun,35.5,83.2,31.9,2025-04-27,Week of Apr 27,17
72,0,Mon,214.9,116.0,107.9,2025-04-28,Week of Apr 28,18
72,1,Tue,189.7,116.0,107.9,2025-04-28,Week of Apr 28,18
72,2,Wed,177.1,116.0,107.9,2025-04-28,Week of Apr 28,18
72,3,Thu,145.2,116.0,107.9,2025-04-28,Week of Apr 28,18
72,4,Fri,130.7,116.0,107.9,2025-04-28,Week of Apr 28,18
72,5,Sat,55.3,116.0,107.9,2025-04-28,Week of Apr 28,18
72,6,Sun,44.8,116.0,107.9,2025-04-28,Week of Apr 28,18
73,0,Mon,215.7,89.4,82.3,2025-04-29,Week of Apr 29,18
73,1,Tue,191.1,89.4,82.3,2025-04-29,Week of Apr 29,18
73,2,Wed,178.7,89.4,82.3,2025-04-29,Week of Apr 29,18
73,3,Thu,151.0,89.4,82.3,2025-04-29,Week of Apr 29,18
73,4,Fri,140.7,89.4,82.3,2025-04-29,Week of Apr 29,18
73,5,Sat,61.1,89.4,82.3,2025-04-29,Week of Apr 29,18
73,6,Sun,53.8,89.4,82.3,2025-04-29,Week of Apr 29,18
74,0,Mon,196.8,91.6,64.5,2025-04-30,Week of Apr 30,18
74,1,Tue,167.5,91.6,64.5,2025-04-30,Week of Apr 30,18
74,2,Wed,160.9,91.6,64.5,2025-04-30,Week of Apr 30,18
74,3,Thu,141.3,91.6,64.5,2025-04-30,Week of Apr 30,18
74,4,Fri,131.7,91.6,64.5,2025-04-30,Week of Apr 30,18
74,5,Sat,54.0,91.6,64.5,2025-04-30,Week of Apr 30,18
74,6,Sun,46.0,91.6,64.5,2025-04-30,Week of Apr 30,18
75,0,Mon,173.0,59.0,50.0,2025-05-01,Week of May 01,18
75,1,Tue,145.5,59.0,50.0,2025-05-01,Week of May 01,18
75,2,Wed,138.4,59.0,50.0,2025-05-01,Week of May 01,18
75,3,Thu,112.2,59.0,50.0,2025-05-01,Week of May 01,18
75,4,Fri,111.1,59.0,50.0,2025-05-01,Week of May 01,18
75,5,Sat,54.4,59.0,50.0,2025-05-01,Week of May 01,18
75,6,Sun,46.7,59.0,50.0,2025-05-01,Week of May 01,18
76,0,Mon,165.5,93.2,29.2,2025-05-02,Week of May 02,18
76,1,Tue,136.7,93.2,29.2,2025-05-02,Week of May 02,18
76,2,Wed,128.5,93.2,29.2,2025-05-02,Week of May 02,18
76,3,Thu,104.6,93.2,29.2,2025-05-02,Week of May 02,18
76,4,Fri,101.1,93.2,29.2,2025-05-02,Week of May 02,18
76,5,Sat,39.8,93.2,29.2,2025-05-02,Week of May 02,18
76,6,Sun,31.7,93.2,29.2,2025-05-02,Week of May 02,18
77,0,Mon,154.0,68.0,32.9,2025-05-03,Week of May 03,18
77,1,Tue,129.1,68.0,32.9,2025-05-03,Week of May 03,18
77,2,Wed,124.4,68.0,32.9,2025-05-03,Week of May 03,18
77,3,Thu,98.2,68.0,32.9,2025-05-03,Week of May 03,18
77,4,Fri,91.3,68.0,32.9,2025-05-03,Week of May 03,18
77,5,Sat,38.5,68.0,32.9,2025-05-03,Week of May 03,18
77,6,Sun,30.0,68.0,32.9,2025-05-03,Week of May 03,18
78,0,Mon,150.7,57.2,24.2,2025-05-04,Week of May 04,18
78,1,Tue,125.8,57.2,24.2,2025-05-04,Week of May 04,18
78,2,Wed,121.3,57.2,24.2,2025-05-04,Week of May 04,18
78,3,Thu,94.1,57.2,24.2,2025-05-04,Week of May 04,18
78,4,Fri,90.8,57.2,24.2,2025-05-04,Week of May 04,18
78,5,Sat,42.6,57.2,24.2,2025-05-04,Week of May 04,18
78,6,Sun,35.9,57.2,24.2,2025-05-04,Week of May 04,18
79,0,Mon,119.8,61.0,30.9,2025-05-05,Week of May 05,19
79,1,Tue,98.3,61.0,30.9,2025-05-05,Week of May 05,19
79,2,Wed,92.7,61.0,30.9,2025-05-05,Week of May 05,19
79,3,Thu,69.2,61.0,30.9,2025-05-05,Week of May 05,19
79,4,Fri,63.1,61.0,30.9,2025-05-05,Week of May 05,19
79,5,Sat,22.9,61.0,30.9,2025-05-05,Week of May 05,19
79,6,Sun,16.5,61.0,30.9,2025-05-05,Week of May 05,19
80,0,Mon,130.5,42.6,25.6,2025-05-06,Week of May 06,19
80,1,Tue,104.1,42.6,25.6,2025-05-06,Week of May 06,19
80,2,Wed,98.8,42.6,25.6,2025-05-06,Week of May 06,19
80,3,Thu,65.7,42.6,25.6,2025-05-06,Week of May 06,19
80,4,Fri,58.9,42.6,25.6,2025-05-06,Week of May 06,19
80,5,Sat,18.5,42.6,25.6,2025-05-06,Week of May 06,19
80,6,Sun,10.7,42.6,25.6,2025-05-06,Week of May 06,19
81,0,Mon,113.4,37.8,29.4,2025-05-07,Week of May 07,19
81,1,Tue,91.8,37.8,29.4,2025-05-07,Week of May 07,19
81,2,Wed,85.2,37.8,29.4,2025-05-07,Week of May 07,19
81,3,Thu,60.9,37.8,29.4,2025-05-07,Week of May 07,19
81,4,Fri,54.9,37.8,29.4,2025-05-07,Week of May 07,19
81,5,Sat,10.5,37.8,29.4,2025-05-07,Week of May 07,19
81,6,Sun,3.3,37.8,29.4,2025-05-07,Week of May 07,19
82,0,Mon,134.4,40.6,25.2,2025-05-08,Week of May 08,19
82,1,Tue,105.9,40.6,25.2,2025-05-08,Week of May 08,19
82,2,Wed,96.2,40.6,25.2,2025-05-08,Week of May 08,19
82,3,Thu,72.5,40.6,25.2,2025-05-08,Week of May 08,19
82,4,Fri,69.7,40.6,25.2,2025-05-08,Week of May 08,19
82,5,Sat,25.5,40.6,25.2,2025-05-08,Week of May 08,19
82,6,Sun,19.6,40.6,25.2,2025-05-08,Week of May 08,19
83,0,Mon,120.0,55.5,19.9,2025-05-09,Week of May 09,19
83,1,Tue,93.0,55.5,19.9,2025-05-09,Week of May 09,19
83,2,Wed,89.4,55.5,19.9,2025-05-09,Week of May 09,19
83,3,Thu,68.9,55.5,19.9,2025-05-09,Week of May 09,19
83,4,Fri,66.5,55.5,19.9,2025-05-09,Week of May 09,19
83,5,Sat,22.8,55.5,19.9,2025-05-09,Week of May 09,19
83,6,Sun,18.0,55.5,19.9,2025-05-09,Week of May 09,19
84,0,Mon,132.0,40.4,19.7,2025-05-10,Week of May 10,19
84,1,Tue,104.6,40.4,19.7,2025-05-10,Week of May 10,19
84,2,Wed,95.2,40.4,19.7,2025-05-10,Week of May 10,19
84,3,Thu,73.8,40.4,19.7,2025-05-10,Week of May 10,19
84,4,Fri,71.5,40.4,19.7,2025-05-10,Week of May 10,19
84,5,Sat,23.7,40.4,19.7,2025-05-10,Week of May 10,19
84,6,Sun,16.7,40.4,19.7,2025-05-10,Week of May 10,19
85,0,Mon,86.9,24.0,0.0,2025-05-11,Week of May 11,19
85,1,Tue,75.5,24.0,0.0,2025-05-11,Week of May 11,19
85,2,Wed,66.6,24.0,0.0,2025-05-11,Week of May 11,19
85,3,Thu,33.4,24.0,0.0,2025-05-11,Week of May 11,19
85,4,Fri,21.2,24.0,0.0,2025-05-11,Week of May 11,19
85,5,Sat,-13.4,24.0,0.0,2025-05-11,Week of May 11,19
85,6,Sun,-18.3,24.0,0.0,2025-05-11,Week of May 11,19
